,Name,Age,#days,Lev,Tm,G,PA,AB,R,H,2B,3B,HR,RBI,BB,IBB,SO,HBP,SH,SF,GDP,SB,CS,BA,OBP,SLG,OPS,mlbID
1,CJ Abrams,25,0,Maj-NL,Washington,43,182,154,25,45,8,1,9,36,20,2,36,6,0,2,3,7,3,0.292,0.39,0.532,0.923,682928
2,Wilyer Abreu,27,0,Maj-AL,Boston,42,179,158,20,49,6,1,6,19,20,1,33,0,0,1,5,3,1,0.31,0.385,0.475,0.86,677800
3,Luisangel Acu\xc3\xb1a,24,0,Maj-AL,Chicago,33,92,83,8,15,1,0,0,3,6,0,15,1,1,1,3,7,1,0.181,0.242,0.193,0.435,682668
4,Ronald Acu\xc3\xb1a Jr.,28,12,Maj-NL,Atlanta,34,152,127,17,32,8,1,2,9,20,1,31,3,0,2,0,7,4,0.252,0.362,0.378,0.74,660670
5,Willy Adames,30,0,Maj-NL,San Francisco,43,182,174,15,38,12,0,3,11,7,0,55,1,0,0,1,1,2,0.218,0.253,0.339,0.592,642715
6,Jo Adell,27,1,Maj-AL,Los Angeles,44,184,171,16,46,5,0,6,25,5,0,41,6,0,2,5,2,0,0.269,0.31,0.404,0.713,666176
7,Ozzie Albies,29,0,Maj-NL,Atlanta,44,188,170,30,49,8,0,8,25,14,0,24,1,0,3,2,0,3,0.288,0.34,0.476,0.817,645277
8,Blaze Alexander,27,1,Maj-AL,Baltimore,36,100,90,10,22,2,1,0,5,6,0,30,1,2,0,4,4,1,0.244,0.299,0.289,0.588,677942
9,Nick Allen,27,4,Maj-AL,Houston,18,34,32,6,7,1,0,0,0,2,0,6,0,0,0,1,0,0,0.219,0.265,0.25,0.515,669397
10,Pete Alonso,31,1,Maj-AL,Baltimore,44,187,165,27,36,10,0,8,23,21,0,46,1,0,0,4,1,0,0.218,0.31,0.424,0.734,624413
11,Jose Altuve,36,0,Maj-AL,Houston,41,181,159,26,39,10,0,3,11,19,1,34,1,1,1,5,1,2,0.245,0.328,0.365,0.693,514888
12,Francisco Alvarez,24,2,Maj-NL,New York,37,128,112,12,27,5,0,4,10,11,0,28,2,0,1,10,0,0,0.241,0.317,0.393,0.71,682626
13,Yordan Alvarez,29,0,Maj-AL,Houston,45,198,165,29,53,11,0,14,30,28,7,31,4,0,1,2,1,0,0.321,0.429,0.642,1.072,670541
14,Miguel Amaya,27,0,Maj-NL,Chicago,24,75,61,11,14,1,0,2,8,10,0,17,3,1,0,1,0,0,0.23,0.365,0.344,0.709,665804
15,Miguel Andujar,31,0,Maj-NL,San Diego,32,118,114,10,33,9,2,3,12,3,0,23,1,0,0,2,1,1,0.289,0.314,0.482,0.796,609280
16,Roman Anthony,22,10,Maj-AL,Boston,30,130,109,12,25,5,1,1,5,20,1,33,1,0,0,0,2,0,0.229,0.354,0.321,0.675,701350
17,Sam Antonacci,23,0,Maj-AL,Chicago,26,97,80,14,23,5,2,1,9,6,0,11,8,2,1,0,3,3,0.288,0.389,0.438,0.827,803011
18,Jonathan Aranda,28,1,Maj-AL,Tampa Bay,42,181,148,23,42,5,0,8,33,25,2,42,3,0,5,1,0,0,0.284,0.387,0.48,0.866,666018
19,Nolan Arenado,35,1,Maj-NL,Arizona,40,149,135,22,37,6,0,6,20,11,0,30,1,0,2,4,0,0,0.274,0.329,0.452,0.781,571448
20,Gabriel Arias,26,38,Maj-AL,Cleveland,10,32,30,2,6,1,0,2,4,2,0,12,0,0,0,0,0,0,0.2,0.25,0.433,0.683,672356
21,Randy Arozarena,31,0,Maj-AL,Seattle,45,190,163,32,49,11,1,4,16,19,0,45,6,0,2,4,11,2,0.301,0.389,0.454,0.843,668227
22,Luis Arraez,29,0,Maj-NL,San Francisco,41,177,162,16,49,7,2,0,14,10,2,7,0,3,2,3,4,0,0.302,0.339,0.37,0.709,650333
23,Jos\xc3\xa9 Azocar,30,1,Maj-NL,Atlanta,4,5,5,0,1,0,0,0,0,0,0,2,0,0,0,0,1,0,0.2,0.2,0.2,0.4,640492
24,Harrison Bader,32,2,Maj-NL,San Francisco,17,62,59,5,8,2,0,2,4,2,0,19,0,0,1,2,0,0,0.136,0.161,0.271,0.432,664056
25,Javier B\xc3\xa1ez,33,16,Maj-AL,Detroit,24,82,78,10,20,5,0,2,6,2,0,16,1,0,1,2,1,1,0.256,0.28,0.397,0.678,595879
27,Patrick Bailey,27,2,"Maj-AL,Maj-NL","Cleveland,San Francisco",32,94,87,5,12,0,0,1,6,7,0,23,0,0,0,4,2,0,0.138,0.202,0.172,0.375,672275
28,Luken Baker,29,30,Maj-NL,Arizona,3,5,5,0,1,0,0,0,0,0,0,3,0,0,0,0,0,0,0.2,0.2,0.2,0.4,663609
29,Drake Baldwin,25,0,Maj-NL,Atlanta,44,200,177,37,52,6,0,11,33,20,1,43,3,0,0,6,1,0,0.294,0.375,0.514,0.889,686948
30,Mois\xc3\xa9s Ballesteros,22,1,Maj-NL,Chicago,38,117,105,14,26,5,0,6,20,10,0,22,0,0,2,0,0,0,0.248,0.308,0.467,0.774,694208
31,Addison Barger,26,5,Maj-AL,Toronto,9,28,22,2,1,1,0,0,2,5,0,7,0,0,1,1,0,0,0.045,0.214,0.091,0.305,680718
32,Jorge Barrosa,25,1,Maj-NL,Arizona,32,88,78,10,15,9,1,1,7,7,0,26,1,2,0,1,0,0,0.192,0.267,0.372,0.639,678489
33,Joey Bart,29,5,Maj-NL,Pittsburgh,21,62,58,9,15,1,0,2,6,2,0,21,1,0,1,0,0,0,0.259,0.29,0.379,0.67,663698
34,Samuel Basallo,21,2,Maj-AL,Baltimore,34,130,119,15,33,7,1,5,16,11,1,32,0,0,0,1,0,0,0.277,0.338,0.479,0.817,694212
35,Brett Baty,26,0,Maj-NL,New York,40,139,123,17,27,6,1,2,15,12,0,37,1,0,2,2,2,1,0.22,0.29,0.333,0.623,683146
36,Jake Bauers,30,1,Maj-NL,Milwaukee,36,142,127,24,34,8,0,6,21,15,3,31,0,0,0,2,3,1,0.268,0.345,0.472,0.818,641343
37,Travis Bazzana,23,1,Maj-AL,Cleveland,14,59,45,7,10,1,0,1,6,12,1,9,2,0,0,0,7,0,0.222,0.407,0.311,0.718,683953
38,Dylan Beavers,24,4,Maj-AL,Baltimore,33,119,103,16,25,7,0,2,12,14,0,28,0,1,1,1,3,1,0.243,0.331,0.369,0.699,687637
39,Jordan Beck,25,0,Maj-NL,Colorado,30,88,82,7,15,5,1,1,10,5,0,22,0,0,1,3,2,1,0.183,0.227,0.305,0.532,687597
40,Josh Bell,33,0,Maj-AL,Minnesota,42,170,154,21,33,8,0,3,24,14,0,41,1,0,1,3,1,0,0.214,0.282,0.325,0.607,605137
41,Cody Bellinger,30,1,Maj-AL,New York,43,185,154,26,42,10,3,5,29,28,0,23,0,0,3,2,5,2,0.273,0.378,0.474,0.852,641355
42,Carson Benge,23,0,Maj-NL,New York,40,142,131,17,31,5,0,3,13,11,0,30,0,0,0,1,8,1,0.237,0.296,0.344,0.639,701807
43,Andrew Benintendi,31,0,Maj-AL,Chicago,39,136,124,13,27,5,2,2,17,9,0,42,0,0,3,3,0,0,0.218,0.265,0.339,0.603,643217
44,Will Benson,28,0,Maj-NL,Cincinnati,35,83,67,10,13,2,1,2,4,14,1,24,1,0,0,0,1,1,0.194,0.341,0.343,0.685,666181
45,Mookie Betts,33,1,Maj-NL,Los Angeles,11,45,41,8,7,1,0,3,8,3,0,5,1,0,0,3,0,0,0.171,0.244,0.415,0.659,605141
46,Bo Bichette,28,0,Maj-NL,New York,43,189,174,17,38,5,0,2,18,13,0,33,0,0,2,6,1,0,0.218,0.27,0.282,0.551,666182
47,Tyler Black,25,5,Maj-NL,Milwaukee,9,28,27,2,9,4,0,0,7,1,0,7,0,0,0,1,0,0,0.333,0.357,0.481,0.839,672012
48,JJ Bleday,28,0,Maj-NL,Cincinnati,16,66,53,10,17,3,1,6,18,13,1,10,0,0,0,0,1,1,0.321,0.455,0.755,1.209,668709
49,Ryan Bliss,26,47,Maj-AL,Seattle,1,2,2,0,0,0,0,0,0,0,0,2,0,0,0,0,0,0,0.0,0.0,0.0,0.0,669208
50,Xander Bogaerts,33,0,Maj-NL,San Diego,42,169,152,20,39,3,0,7,23,17,0,28,0,0,0,2,5,0,0.257,0.331,0.414,0.746,593428
51,Alec Bohm,29,0,Maj-NL,Philadelphia,40,160,144,11,28,4,0,3,20,11,0,24,2,0,3,1,0,0,0.194,0.256,0.285,0.541,664761
53,Henry Bolte,22,0,Maj-AL,Athletics,2,8,6,0,3,0,0,0,1,1,0,1,0,0,1,0,1,0,0.5,0.5,0.5,1.0,703607
54,Alex Bregman,32,0,Maj-NL,Chicago,43,195,171,17,42,5,1,4,14,22,2,33,1,0,1,7,2,0,0.246,0.333,0.357,0.69,608324
55,Will Brennan,28,13,Maj-NL,San Francisco,5,9,9,0,0,0,0,0,0,0,0,2,0,0,0,1,0,0,0.0,0.0,0.0,0.0,686823
56,Juan Brito,24,18,Maj-AL,Cleveland,15,56,51,7,9,4,0,0,3,4,0,17,1,0,0,1,0,0,0.176,0.25,0.255,0.505,682877
57,Vidal Bruj\xc3\xa1n,28,6,Maj-NL,New York,2,4,3,1,0,0,0,0,0,1,0,0,0,0,0,0,0,0,0.0,0.25,0.0,0.25,660644
58,Jake Burger,30,1,Maj-AL,Texas,41,168,159,15,36,5,0,7,27,7,0,45,1,0,1,4,0,0,0.226,0.262,0.39,0.652,669394
59,Alec Burleson,27,0,Maj-NL,St. Louis,42,184,165,21,45,11,0,6,30,18,2,29,0,0,1,5,2,0,0.273,0.342,0.448,0.791,676475
60,Michael Busch,28,0,Maj-NL,Chicago,43,187,156,17,36,8,1,3,23,27,0,43,2,0,2,2,1,0,0.231,0.348,0.353,0.7,683737
61,Lawrence Butler,25,1,Maj-AL,Athletics,39,137,120,14,21,3,0,3,12,17,1,37,0,0,0,3,4,2,0.175,0.277,0.275,0.552,671732
62,Byron Buxton,32,1,Maj-AL,Minnesota,40,185,169,33,44,7,1,15,23,13,1,47,2,0,1,0,4,0,0.26,0.319,0.58,0.899,621439
63,Jos\xc3\xa9 Caballero,29,3,Maj-AL,New York,41,147,135,18,35,7,0,4,13,8,0,29,4,0,0,6,13,5,0.259,0.32,0.4,0.72,676609
64,Jac Caglianone,23,0,Maj-AL,Kansas City,40,141,128,17,30,7,1,4,8,11,0,42,2,0,0,1,0,1,0.234,0.305,0.398,0.703,695506
65,Owen Caissie,23,0,Maj-NL,Miami,37,120,106,13,22,6,0,3,19,8,0,49,2,0,4,1,2,0,0.208,0.267,0.349,0.616,683357
66,Alex Call,31,0,Maj-NL,Los Angeles,20,53,42,9,13,4,0,0,7,9,0,6,1,0,1,1,0,1,0.31,0.434,0.405,0.839,669743
67,Junior Caminero,22,1,Maj-AL,Tampa Bay,42,183,161,26,41,3,0,11,19,21,1,30,0,0,1,6,0,2,0.255,0.339,0.478,0.817,691406
68,Luis Campusano,27,9,Maj-NL,San Diego,18,58,52,9,15,7,0,3,10,5,0,15,1,0,0,0,0,0,0.288,0.362,0.596,0.958,669134
69,Jeimer Candelario,32,36,Maj-AL,Los Angeles,7,20,18,3,2,2,0,0,0,1,0,8,1,0,0,1,0,0,0.111,0.2,0.222,0.422,600869
70,Dominic Canzone,28,0,Maj-AL,Seattle,38,103,91,13,23,7,0,4,18,9,0,23,1,0,2,0,1,1,0.253,0.32,0.462,0.782,686527
71,Victor Caratini,32,0,Maj-AL,Minnesota,32,122,103,6,20,1,0,1,14,10,0,24,5,0,4,3,0,0,0.194,0.287,0.233,0.52,605170
72,Dylan Carlson,27,38,Maj-NL,Chicago,3,4,4,1,0,0,0,0,0,0,0,2,0,0,0,0,0,0,0.0,0.0,0.0,0.0,666185
73,Kerry Carpenter,28,5,Maj-AL,Detroit,37,117,102,11,22,2,2,6,17,11,0,40,2,0,2,1,0,0,0.216,0.299,0.451,0.75,681481
74,Corbin Carroll,25,1,Maj-NL,Arizona,40,167,139,26,37,10,4,5,20,24,1,39,2,0,2,1,5,0,0.266,0.377,0.504,0.881,682998
75,Evan Carter,23,1,Maj-AL,Texas,43,156,129,18,23,5,0,5,13,22,0,34,1,3,1,0,6,0,0.178,0.301,0.333,0.634,694497
76,Nick Castellanos,34,0,Maj-NL,San Diego,28,90,85,6,17,5,0,2,15,4,1,26,0,0,1,1,1,0,0.2,0.233,0.329,0.563,592206
77,Willi Castro,29,0,Maj-NL,Colorado,35,128,117,19,27,5,0,2,13,10,0,42,1,0,0,2,3,2,0.231,0.297,0.325,0.622,650489
79,Andr\xc3\xa9s Chaparro,27,19,Maj-NL,Washington,4,10,9,1,2,1,0,0,0,1,0,2,0,0,0,0,0,0,0.222,0.3,0.333,0.633,665953
80,Matt Chapman,33,0,Maj-NL,San Francisco,43,179,161,16,36,8,1,1,14,16,0,44,2,0,0,4,0,1,0.224,0.302,0.304,0.606,656305
81,Jazz Chisholm Jr.,28,1,Maj-AL,New York,43,171,153,17,31,7,0,4,14,16,0,50,1,0,1,0,11,3,0.203,0.281,0.327,0.607,665862
82,Jackson Chourio,22,0,Maj-NL,Milwaukee,8,38,35,1,10,3,0,0,3,3,0,10,0,0,0,0,1,0,0.286,0.342,0.371,0.714,694192
83,Nathan Church,25,0,Maj-NL,St. Louis,40,136,127,15,31,5,0,5,18,5,0,28,2,0,2,3,3,2,0.244,0.279,0.402,0.681,701675
84,Denzel Clarke,26,24,Maj-AL,Athletics,22,60,53,4,9,1,0,0,6,4,0,24,0,3,0,1,2,0,0.17,0.228,0.189,0.417,672016
85,Kody Clemens,30,1,Maj-AL,Minnesota,32,116,99,14,22,7,0,4,10,11,0,31,4,2,0,1,5,2,0.222,0.325,0.414,0.739,665019
86,Ernie Clement,30,1,Maj-AL,Toronto,42,176,170,15,50,13,0,2,12,5,0,14,0,0,1,3,1,0,0.294,0.313,0.406,0.718,676391
87,Zach Cole,25,0,Maj-AL,Houston,9,29,28,2,7,1,0,2,6,0,0,12,1,0,0,0,0,0,0.25,0.276,0.5,0.776,805904
88,Isaac Collins,28,0,Maj-AL,Kansas City,38,140,118,16,27,5,0,3,13,17,0,38,4,0,1,2,2,3,0.229,0.343,0.347,0.69,686555
89,Michael Conforto,33,1,Maj-NL,Chicago,25,59,48,9,16,7,0,2,8,10,0,15,0,0,1,1,0,0,0.333,0.441,0.604,1.045,624424
90,Griffin Conine,28,35,Maj-NL,Miami,11,25,22,6,6,1,0,2,4,2,0,6,1,0,0,0,2,0,0.273,0.36,0.591,0.951,665052
91,William Contreras,28,0,Maj-NL,Milwaukee,39,174,153,23,43,8,0,3,26,19,2,20,1,0,1,4,0,0,0.281,0.362,0.392,0.754,661388
92,Willson Contreras,34,0,Maj-AL,Boston,41,174,143,19,36,5,0,8,23,20,0,48,8,0,3,5,1,0,0.252,0.368,0.455,0.822,575929
93,Billy Cook,27,0,Maj-NL,Pittsburgh,30,21,21,5,4,0,0,0,0,0,0,8,0,0,0,0,2,1,0.19,0.19,0.19,0.381,695257
94,Carlos Correa,31,10,Maj-AL,Houston,32,141,122,22,34,8,0,3,16,18,1,26,0,0,1,5,1,0,0.279,0.369,0.418,0.787,621043
95,Carlos Cortes,29,0,Maj-AL,Athletics,34,110,99,11,34,7,1,4,15,9,0,10,1,0,1,4,1,0,0.343,0.4,0.556,0.956,666126
96,Colton Cowser,26,2,Maj-AL,Baltimore,35,88,76,8,13,2,0,0,7,10,0,29,0,1,1,1,0,1,0.171,0.264,0.197,0.462,681297
97,J.P. Crawford,31,0,Maj-AL,Seattle,37,160,130,22,28,4,0,5,15,28,0,24,2,0,0,3,1,2,0.215,0.363,0.362,0.724,641487
98,Justin Crawford,22,0,Maj-NL,Philadelphia,39,135,122,11,33,7,2,2,11,11,0,28,2,0,0,0,4,2,0.27,0.341,0.41,0.751,702222
99,Jake Cronenworth,32,10,Maj-NL,San Diego,32,114,97,13,14,2,0,1,4,14,0,23,3,0,0,1,1,0,0.144,0.272,0.196,0.468,630105
100,Pete Crow-Armstrong,24,0,Maj-NL,Chicago,44,178,160,24,38,5,2,4,17,14,1,45,3,1,0,2,11,3,0.238,0.311,0.369,0.679,691718
101,Oneil Cruz,27,0,Maj-NL,Pittsburgh,42,194,177,34,46,9,0,10,30,15,2,65,2,0,0,3,15,2,0.26,0.325,0.48,0.805,665833
102,Travis d\'Arnaud,37,8,Maj-AL,Los Angeles,14,40,35,5,7,1,0,1,3,3,0,7,2,0,0,1,0,0,0.2,0.3,0.314,0.614,518595
103,Henry Davis,26,1,Maj-NL,Pittsburgh,32,100,86,10,13,3,0,2,8,11,0,18,2,1,0,2,1,0,0.151,0.263,0.256,0.518,680779
105,Elly De La Cruz,24,0,Maj-NL,Cincinnati,44,195,177,33,53,10,0,10,29,17,0,54,0,0,1,2,9,4,0.299,0.359,0.525,0.884,682829
106,Deyvison De Los Santos,23,29,Maj-NL,Miami,3,7,7,0,2,1,0,0,0,0,0,3,0,0,0,0,0,0,0.286,0.286,0.429,0.714,691277
107,Adrian Del Castillo,26,1,Maj-NL,Arizona,26,93,86,7,17,4,0,3,16,6,0,30,0,0,1,4,0,0,0.198,0.247,0.349,0.596,680728
108,Chase DeLauter,24,1,Maj-AL,Cleveland,40,165,143,16,42,10,1,6,26,20,0,16,0,0,2,4,0,0,0.294,0.376,0.503,0.879,800050
109,Jonny DeLuca,27,1,Maj-AL,Tampa Bay,34,99,93,16,26,9,0,2,15,5,0,19,0,1,0,4,6,1,0.28,0.316,0.441,0.757,676356
110,Rafael Devers,29,0,Maj-NL,San Francisco,44,180,166,16,41,9,0,5,18,12,2,55,0,0,2,6,0,0,0.247,0.294,0.392,0.686,646240
111,Zach Dezenzo,26,1,Maj-AL,Houston,7,17,16,2,3,2,0,1,2,1,0,5,0,0,0,0,0,0,0.188,0.235,0.5,0.735,701305
112,Elias D\xc3\xadaz,35,1,Maj-AL,Kansas City,8,20,19,2,4,2,0,1,3,1,0,4,0,0,0,0,0,0,0.211,0.25,0.474,0.724,553869
113,Yainer Diaz,27,11,Maj-AL,Houston,26,106,101,7,24,5,0,2,14,3,0,16,0,0,2,3,0,1,0.238,0.255,0.347,0.601,673237
114,Yandy D\xc3\xadaz,34,1,Maj-AL,Tampa Bay,40,176,155,20,46,4,1,5,24,14,2,22,6,0,1,4,1,0,0.297,0.375,0.432,0.807,650490
115,Dillon Dingler,27,0,Maj-AL,Detroit,38,152,137,16,33,9,0,8,28,9,0,29,4,0,0,5,0,0,0.241,0.307,0.482,0.788,693307
116,Jasson Dom\xc3\xadnguez,23,7,Maj-AL,New York,9,32,30,3,6,2,0,1,4,1,0,4,1,0,0,0,0,0,0.2,0.25,0.367,0.617,691176
117,Brendan Donovan,29,0,Maj-AL,Seattle,24,96,79,9,22,4,1,3,8,11,0,13,5,0,1,0,1,1,0.278,0.396,0.468,0.864,680977
118,Brenton Doyle,28,0,Maj-NL,Colorado,40,114,104,17,20,3,0,1,3,10,0,38,0,0,0,0,8,2,0.192,0.263,0.25,0.513,686668
119,Mauricio Dub\xc3\xb3n,31,0,Maj-NL,Atlanta,42,169,156,19,40,10,2,3,25,11,0,30,2,0,0,4,0,2,0.256,0.314,0.404,0.717,643289
120,Blake Dunn,27,0,Maj-NL,Cincinnati,7,17,14,3,3,1,0,1,1,3,0,4,0,0,0,0,1,0,0.214,0.353,0.5,0.853,694362
121,Ezequiel Duran,27,1,Maj-AL,Texas,35,116,102,17,30,8,1,3,16,12,0,25,0,1,1,1,4,1,0.294,0.365,0.48,0.846,677649
122,Jarren Duran,29,0,Maj-AL,Boston,38,163,152,19,27,6,0,4,18,10,0,43,1,0,0,1,9,0,0.178,0.233,0.296,0.529,680776
123,Rodolfo Dur\xc3\xa1n,28,1,Maj-NL,San Diego,3,8,8,0,0,0,0,0,0,0,0,4,0,0,0,0,0,0,0.0,0.0,0.0,0.0,660710
124,Caleb Durbin,26,0,Maj-AL,Boston,41,150,134,14,23,8,0,1,14,11,0,23,4,1,0,4,4,2,0.172,0.255,0.254,0.509,702332
125,Xavier Edwards,26,0,Maj-NL,Miami,44,185,160,31,50,8,3,4,15,24,0,20,0,1,0,4,4,1,0.313,0.402,0.475,0.877,669364
126,Bryce Eldridge,21,1,Maj-NL,San Francisco,7,23,21,1,2,0,0,1,1,2,1,9,0,0,0,0,0,0,0.095,0.174,0.238,0.412,805811
127,Jerar Encarnacion,28,11,Maj-NL,San Francisco,17,35,34,1,6,1,0,0,0,1,0,8,0,0,0,1,0,0,0.176,0.2,0.206,0.406,666464
128,J.C. Escarra,31,1,Maj-AL,New York,15,47,44,4,8,3,1,0,6,3,0,11,0,0,0,1,0,0,0.182,0.234,0.295,0.529,641555
129,Santiago Espinal,31,0,Maj-NL,Los Angeles,22,38,36,4,7,2,0,1,3,0,0,5,0,2,0,5,0,0,0.194,0.194,0.333,0.528,669289
131,A.J. Ewing,21,0,Maj-NL,New York,3,13,9,4,3,0,1,1,3,4,0,3,0,0,0,0,1,0,0.333,0.538,0.889,1.427,805999
132,Kyle Farmer,35,6,Maj-NL,Atlanta,9,14,13,2,4,1,0,0,3,0,0,3,0,0,1,0,0,0,0.308,0.286,0.385,0.67,571657
133,Hunter Feduccia,29,1,Maj-AL,Tampa Bay,23,54,44,6,11,1,0,0,4,7,0,18,1,2,0,1,0,0,0.25,0.365,0.273,0.638,676439
134,Freddy Fermin,31,0,Maj-NL,San Diego,33,86,74,11,13,4,0,0,3,8,0,17,2,0,2,0,0,1,0.176,0.267,0.23,0.497,666023
135,Jos\xc3\xa9 Ferm\xc3\xadn,27,0,Maj-NL,St. Louis,20,51,44,3,11,3,0,1,7,5,0,10,0,0,1,3,0,0,0.25,0.32,0.386,0.706,665877
136,Jose Fernandez,22,1,Maj-NL,Arizona,35,114,108,19,29,3,0,3,12,5,0,28,1,0,0,2,3,1,0.269,0.307,0.38,0.687,699912
137,Nick Fortes,29,2,Maj-AL,Tampa Bay,34,108,103,7,29,5,0,1,8,2,0,16,3,0,0,5,0,0,0.282,0.315,0.359,0.674,663743
138,Justin Foscue,27,3,Maj-AL,Texas,6,11,11,1,2,0,0,1,2,0,0,3,0,0,0,1,0,0,0.182,0.182,0.455,0.636,679822
139,Jake Fraley,31,1,Maj-AL,Tampa Bay,27,87,79,6,19,7,0,2,5,8,0,24,0,0,0,1,3,0,0.241,0.31,0.405,0.715,641584
140,Ty France,31,0,Maj-NL,San Diego,26,74,71,9,18,2,2,4,11,2,0,14,1,0,0,2,1,1,0.254,0.284,0.507,0.791,664034
141,Adam Frazier,34,1,Maj-AL,Los Angeles,30,71,62,13,15,5,1,1,6,6,0,20,1,2,0,1,0,0,0.242,0.319,0.403,0.722,624428
142,Alex Freeland,24,4,Maj-NL,Los Angeles,33,112,98,11,23,4,0,2,8,11,0,32,0,2,1,3,0,0,0.235,0.309,0.337,0.646,690976
143,Freddie Freeman,36,0,Maj-NL,Los Angeles,42,181,163,15,44,11,1,4,20,17,1,23,1,0,0,6,1,0,0.27,0.343,0.423,0.766,518692
144,Tyler Freeman,27,1,Maj-NL,Colorado,27,101,87,8,22,2,0,2,12,3,0,13,7,4,0,6,4,1,0.253,0.33,0.345,0.675,671289
145,Sal Frelick,26,0,Maj-NL,Milwaukee,40,151,129,19,29,2,0,3,12,16,1,19,1,0,2,2,1,2,0.225,0.311,0.31,0.621,686217
146,TJ Friedl,30,1,Maj-NL,Cincinnati,39,160,141,14,26,6,0,2,7,12,0,37,4,3,0,1,5,0,0.184,0.268,0.27,0.537,670770
147,David Fry,30,1,Maj-AL,Cleveland,28,71,59,11,15,2,0,3,8,12,1,19,0,0,0,2,0,0,0.254,0.38,0.441,0.821,681807
148,Braxton Fulford,27,45,Maj-NL,Colorado,3,5,5,2,2,0,0,1,2,0,0,2,0,0,0,0,0,0,0.4,0.4,1.0,1.4,690924
149,Adolis Garc\xc3\xada,33,0,Maj-NL,Philadelphia,43,175,158,15,35,6,1,4,13,13,0,48,2,0,2,2,1,0,0.222,0.286,0.348,0.634,666969
150,Aramis Garcia,33,16,Maj-NL,Arizona,3,3,3,0,1,0,0,0,0,0,0,1,0,0,0,0,0,0,0.333,0.333,0.333,0.667,605244
151,Luis Garc\xc3\xada Jr.,26,0,Maj-NL,Washington,39,134,127,18,35,8,2,3,22,6,0,20,0,0,1,0,2,1,0.276,0.306,0.441,0.747,671277
152,Maikel Garcia,26,0,Maj-AL,Kansas City,42,185,164,23,45,12,1,3,18,19,0,28,0,0,2,2,4,3,0.274,0.346,0.415,0.761,672580
153,Mitch Garver,35,0,Maj-AL,Seattle,21,65,51,9,9,1,0,1,3,14,0,18,0,0,0,0,0,0,0.176,0.354,0.255,0.609,641598
154,Mickey Gasper,30,0,Maj-AL,Boston,4,13,12,1,5,2,0,0,1,0,0,2,1,0,0,0,0,0,0.417,0.462,0.583,1.045,681508
155,Zack Gelof,26,0,Maj-AL,Athletics,27,81,74,14,20,2,1,5,13,5,0,19,0,2,0,2,2,0,0.27,0.316,0.527,0.843,680869
157,Drew Gilbert,25,0,Maj-NL,San Francisco,26,80,72,8,16,1,0,2,8,6,1,16,1,1,0,0,0,0,0.222,0.291,0.319,0.611,687551
158,Andr\xc3\xa9s Gim\xc3\xa9nez,27,1,Maj-AL,Toronto,40,150,141,12,35,6,1,5,23,4,0,23,2,1,2,4,5,0,0.248,0.275,0.411,0.687,665926
159,Paul Goldschmidt,38,2,Maj-AL,New York,20,70,61,14,16,4,1,4,10,8,0,15,1,0,0,0,0,0,0.262,0.357,0.557,0.915,502671
160,Nick Gonzales,27,1,Maj-NL,Pittsburgh,39,158,143,18,45,7,0,0,19,12,0,27,3,0,0,5,3,2,0.315,0.38,0.364,0.743,693304
161,Hunter Goodman,26,0,Maj-NL,Colorado,39,164,150,25,37,8,0,10,18,11,1,59,3,0,0,1,1,2,0.247,0.311,0.5,0.811,696100
162,Nolan Gorman,26,0,Maj-NL,St. Louis,42,161,141,16,32,4,0,5,23,17,1,45,0,0,3,0,0,0,0.227,0.304,0.362,0.666,669357
163,Tristan Gray,30,1,Maj-AL,Minnesota,21,72,66,8,16,1,0,3,14,3,0,25,1,1,1,1,0,0,0.242,0.282,0.394,0.676,656484
164,Riley Greene,25,0,Maj-AL,Detroit,44,183,157,27,52,13,0,4,22,26,0,48,0,0,0,3,1,1,0.331,0.426,0.49,0.917,682985
165,Randal Grichuk,34,0,Maj-AL,"Chicago,New York",24,50,47,11,11,4,0,3,9,1,0,12,1,0,1,1,0,0,0.234,0.26,0.511,0.771,545341
166,Konnor Griffin,20,0,Maj-NL,Pittsburgh,38,152,137,18,35,6,2,3,19,11,0,43,2,0,2,2,10,0,0.255,0.316,0.394,0.71,804606
167,Trent Grisham,29,1,Maj-AL,New York,43,167,137,25,24,6,1,6,26,28,0,28,0,0,2,3,2,1,0.175,0.311,0.365,0.676,663757
168,Vaughn Grissom,25,1,Maj-AL,Los Angeles,24,86,72,7,19,6,0,2,11,11,0,8,0,0,2,5,0,0,0.264,0.353,0.431,0.783,687093
169,Vladimir Guerrero Jr.,27,1,Maj-AL,Toronto,43,181,156,24,45,7,0,2,18,22,3,21,2,0,1,3,3,0,0.288,0.381,0.372,0.753,665489
170,Lourdes Gurriel Jr.,32,1,Maj-NL,Arizona,18,74,67,4,13,3,0,0,6,7,0,13,0,0,0,0,0,0,0.194,0.27,0.239,0.509,666971
171,Eric Haase,33,0,Maj-NL,San Francisco,7,21,20,5,6,2,0,2,4,1,0,4,0,0,0,1,0,0,0.3,0.333,0.7,1.033,606992
172,Sam Haggerty,32,2,Maj-AL,Texas,24,33,31,2,5,0,0,0,1,1,0,13,1,0,0,0,1,0,0.161,0.212,0.161,0.373,664059
173,Petey Halpin,24,1,Maj-AL,Cleveland,9,20,19,3,2,0,0,0,1,1,0,4,0,0,0,0,2,0,0.105,0.15,0.105,0.255,690984
174,David Hamilton,28,0,Maj-NL,Milwaukee,34,118,99,18,23,2,0,0,7,13,0,24,1,4,0,1,8,2,0.232,0.327,0.253,0.58,666152
175,Ian Happ,31,0,Maj-NL,Chicago,42,189,154,34,36,6,1,10,19,33,2,58,2,0,0,3,2,0,0.234,0.376,0.481,0.856,664023
176,Bryce Harper,33,0,Maj-NL,Philadelphia,44,183,158,25,42,9,1,10,24,24,1,30,0,0,1,5,2,1,0.266,0.361,0.525,0.886,547180
177,Brett Harris,28,6,Maj-AL,Athletics,5,6,4,0,0,0,0,0,0,1,0,2,1,0,0,0,0,0,0.0,0.333,0.0,0.333,695391
178,Dustin Harris,26,11,Maj-AL,"Chicago,Houston",17,52,43,6,10,1,1,0,5,6,0,7,1,1,1,0,4,0,0.233,0.333,0.302,0.636,687957
179,Michael Harris II,25,0,Maj-NL,Atlanta,41,146,139,16,43,5,0,7,23,6,0,29,0,0,1,1,2,0,0.309,0.336,0.496,0.832,671739
180,Ke\'Bryan Hayes,29,0,Maj-NL,Cincinnati,39,114,107,8,16,2,1,2,5,7,0,19,0,0,0,2,0,0,0.15,0.202,0.243,0.445,663647
181,Austin Hays,30,13,Maj-AL,Chicago,12,44,43,3,10,1,0,1,7,1,1,13,0,0,0,1,0,1,0.233,0.25,0.326,0.576,669720
183,Austin Hedges,33,1,Maj-AL,Cleveland,19,60,54,11,15,4,0,1,4,5,0,13,0,0,1,0,1,1,0.278,0.333,0.407,0.741,595978
184,Jonah Heim,31,1,"Maj-AL,Maj-NL","Athletics,Atlanta",16,55,49,4,9,4,0,1,8,5,0,8,0,0,1,2,0,0,0.184,0.255,0.327,0.581,641680
185,Tyler Heineman,35,1,Maj-AL,Toronto,24,65,58,4,9,0,0,0,3,1,0,14,2,4,0,2,0,0,0.155,0.197,0.155,0.352,623168
186,Gunnar Henderson,25,1,Maj-AL,Baltimore,43,198,183,23,36,7,1,9,21,13,0,57,1,0,1,2,5,1,0.197,0.253,0.393,0.646,683002
187,Darell Hernaiz,24,0,Maj-AL,Athletics,28,71,62,7,15,0,0,1,5,8,0,13,0,1,0,0,2,0,0.242,0.329,0.29,0.619,687231
188,Heriberto Hern\xc3\xa1ndez,26,2,Maj-NL,Miami,26,86,74,4,12,0,1,0,11,11,0,15,1,0,0,0,3,1,0.162,0.279,0.189,0.468,681715
189,Teoscar Hern\xc3\xa1ndez,33,0,Maj-NL,Los Angeles,39,158,141,20,37,7,0,4,18,15,1,45,1,0,1,5,1,0,0.262,0.335,0.397,0.733,606192
190,Iv\xc3\xa1n Herrera,26,0,Maj-NL,St. Louis,43,197,159,23,42,11,0,4,20,28,4,33,8,0,2,4,1,0,0.264,0.396,0.409,0.805,671056
191,Liam Hicks,27,0,Maj-NL,Miami,41,151,132,21,39,3,0,9,38,12,1,12,3,0,4,0,1,0,0.295,0.358,0.523,0.88,689414
192,Kyle Higashioka,36,2,Maj-AL,Texas,20,70,64,5,13,1,0,1,5,6,0,22,0,0,0,4,0,0,0.203,0.271,0.266,0.537,543309
193,P.J. Higgins,33,22,Maj-NL,Cincinnati,5,12,10,0,2,0,0,0,1,1,0,4,0,0,1,0,0,0,0.2,0.25,0.2,0.45,664731
194,Derek Hill,30,0,Maj-AL,Chicago,33,54,47,7,12,0,0,3,5,6,0,15,0,1,0,1,5,4,0.255,0.34,0.447,0.786,656537
195,Rece Hinds,25,12,Maj-NL,Cincinnati,12,36,33,2,4,3,0,0,5,1,0,18,1,0,1,0,0,0,0.121,0.167,0.212,0.379,677956
196,Nico Hoerner,29,0,Maj-NL,Chicago,43,197,172,20,46,12,0,4,29,18,0,16,4,0,3,3,8,1,0.267,0.345,0.407,0.752,663538
197,Spencer Horwitz,28,0,Maj-NL,Pittsburgh,40,146,120,14,32,7,1,3,19,23,0,19,1,0,2,7,0,0,0.267,0.384,0.417,0.8,687462
198,Rhys Hoskins,33,1,Maj-AL,Cleveland,35,122,94,17,18,6,0,3,14,25,0,33,1,0,2,3,0,0,0.191,0.361,0.351,0.712,656555
199,Brady House,23,0,Maj-NL,Washington,40,162,150,19,33,6,0,6,21,12,0,47,0,0,0,4,1,0,0.22,0.278,0.38,0.658,691781
200,Sam Huff,28,25,Maj-AL,Baltimore,3,9,9,1,2,1,0,0,1,0,0,5,0,0,0,0,0,0,0.222,0.222,0.333,0.556,669087
201,Andy Ib\xc3\xa1\xc3\xb1ez,33,4,"Maj-AL,Maj-NL","Athletics,New York",14,26,23,1,2,0,0,0,5,1,0,3,0,0,2,0,0,0,0.087,0.115,0.087,0.202,628451
202,Jonathan India,29,26,Maj-AL,Kansas City,17,58,48,8,8,1,0,2,8,8,0,13,2,0,0,0,0,0,0.167,0.31,0.313,0.623,663697
203,Kyle Isbel,29,0,Maj-AL,Kansas City,36,118,105,14,28,4,1,3,10,6,0,27,3,4,0,0,5,0,0.267,0.325,0.41,0.734,664728
204,Jeremiah Jackson,26,2,Maj-AL,Baltimore,40,135,130,10,31,3,0,6,24,3,0,30,1,0,1,7,1,1,0.238,0.259,0.4,0.659,669236
205,Danny Jansen,31,1,Maj-AL,Texas,28,99,87,6,17,4,1,2,9,8,0,28,3,1,0,5,0,1,0.195,0.286,0.333,0.619,643376
206,Jim Jarvis,25,6,Maj-NL,Atlanta,2,5,5,0,1,0,0,0,0,0,0,2,0,0,0,0,0,0,0.2,0.2,0.2,0.4,805347
207,Ryan Jeffers,29,0,Maj-AL,Minnesota,33,133,109,23,32,6,1,6,25,21,0,23,1,0,1,2,1,0,0.294,0.409,0.532,0.941,680777
209,Carter Jensen,22,1,Maj-AL,Kansas City,40,144,124,18,29,4,0,6,18,17,0,45,1,0,2,1,0,0,0.234,0.326,0.411,0.738,695600
210,Eloy Jim\xc3\xa9nez,29,16,Maj-AL,Toronto,12,35,31,2,9,0,0,0,3,3,0,7,0,0,1,1,0,0,0.29,0.343,0.29,0.633,650391
211,Leo Jimenez,25,0,Maj-NL,Miami,14,41,34,4,8,1,0,0,1,4,0,7,2,0,1,1,1,0,0.235,0.341,0.265,0.606,677870
212,Connor Joe,33,1,Maj-AL,Seattle,13,30,27,2,6,2,0,1,3,3,0,7,0,0,0,1,1,0,0.222,0.3,0.407,0.707,656582
213,Bryce Johnson,30,0,Maj-NL,San Diego,21,31,27,5,5,2,0,0,2,3,0,12,0,1,0,1,4,1,0.185,0.267,0.259,0.526,669369
214,Daniel Johnson,30,11,Maj-AL,Houston,8,17,14,1,2,0,0,0,0,2,0,3,1,0,0,1,0,0,0.143,0.294,0.143,0.437,669288
215,Troy Johnston,29,0,Maj-NL,Colorado,40,143,129,14,42,12,0,2,20,11,0,30,2,1,0,2,1,2,0.326,0.387,0.465,0.852,687859
216,Greg Jones,28,11,Maj-NL,Milwaukee,11,22,21,0,2,0,0,0,1,0,0,9,0,1,0,0,1,1,0.095,0.095,0.095,0.19,675659
217,Jahmai Jones,28,1,Maj-AL,Detroit,28,53,50,6,9,2,0,2,5,3,0,19,0,0,0,2,0,1,0.18,0.226,0.34,0.566,663330
218,Spencer Jones,25,1,Maj-AL,New York,5,15,12,0,1,0,0,0,1,3,0,6,0,0,0,0,0,0,0.083,0.267,0.083,0.35,682987
219,Aaron Judge,34,1,Maj-AL,New York,44,194,157,36,42,7,0,16,30,34,5,55,2,0,0,4,5,3,0.268,0.404,0.618,1.022,592450
220,Edouard Julien,27,0,Maj-NL,Colorado,38,126,110,15,27,3,1,2,12,15,0,35,1,0,0,5,3,2,0.245,0.341,0.345,0.687,666397
221,Jace Jung,25,8,Maj-AL,Detroit,3,8,6,1,1,0,0,0,0,2,0,1,0,0,0,0,0,0,0.167,0.375,0.167,0.542,690291
222,Josh Jung,28,1,Maj-AL,Texas,40,164,151,19,49,13,0,5,20,10,0,26,2,0,1,7,1,1,0.325,0.372,0.51,0.882,673962
223,Kyle Karros,23,1,Maj-NL,Colorado,41,143,119,17,26,6,0,1,10,22,0,36,0,0,2,1,2,0,0.218,0.336,0.294,0.63,691720
224,CJ Kayfus,24,32,Maj-AL,Cleveland,9,25,22,4,4,1,0,1,2,2,0,8,1,0,0,0,0,0,0.182,0.28,0.364,0.644,692216
225,Luke Keaschall,23,0,Maj-AL,Minnesota,43,179,157,19,35,8,0,1,15,18,1,29,2,0,2,3,10,0,0.223,0.307,0.293,0.6,807712
226,Colt Keith,24,0,Maj-AL,Detroit,39,130,122,18,37,8,0,0,6,7,0,29,1,0,0,3,1,0,0.303,0.346,0.369,0.715,690993
227,Jarred Kelenic,26,0,Maj-AL,Chicago,12,37,32,1,8,1,0,0,3,5,0,8,0,0,0,0,0,0,0.25,0.351,0.281,0.633,672284
228,Carson Kelly,31,1,Maj-NL,Chicago,31,117,102,15,29,4,0,2,13,14,0,19,1,0,0,3,0,0,0.284,0.376,0.382,0.758,608348
229,Otto Kemp,26,27,Maj-NL,Philadelphia,10,22,20,0,2,0,0,0,0,1,0,9,1,0,0,0,0,0,0.1,0.182,0.1,0.282,805249
230,Ha-Seong Kim,30,0,Maj-NL,Atlanta,3,10,9,0,1,0,0,0,0,1,0,2,0,0,0,0,0,0,0.111,0.2,0.111,0.311,673490
231,Hyeseong Kim,27,0,Maj-NL,Los Angeles,32,94,84,10,23,3,1,1,9,8,0,21,0,0,1,2,5,1,0.274,0.333,0.369,0.702,808975
232,Isiah Kiner-Falefa,31,0,Maj-AL,Boston,20,44,40,5,8,0,0,0,4,3,0,8,0,1,0,1,3,0,0.2,0.256,0.2,0.456,643396
233,Scott Kingery,32,21,Maj-NL,Chicago,8,4,4,2,1,0,0,0,0,0,0,0,0,0,0,0,1,0,0.25,0.25,0.25,0.5,664068
235,Alejandro Kirk,27,41,Maj-AL,Toronto,5,22,20,2,3,1,0,1,2,2,0,2,0,0,0,1,0,0,0.15,0.227,0.35,0.577,672386
236,Christian Koss,28,4,Maj-NL,San Francisco,9,15,14,1,1,1,0,0,0,0,0,2,1,0,0,0,0,0,0.071,0.133,0.143,0.276,683766
237,Ryan Kreidler,28,0,Maj-AL,Minnesota,6,22,17,5,5,1,0,2,4,5,0,4,0,0,0,1,0,0,0.294,0.455,0.706,1.16,668952
238,Nick Kurtz,23,0,Maj-AL,Athletics,42,194,153,27,42,8,1,7,26,40,4,57,1,0,0,0,5,1,0.275,0.428,0.477,0.905,701762
239,Steven Kwan,28,2,Maj-AL,Cleveland,41,182,155,18,32,6,0,1,9,22,1,21,2,2,1,4,2,1,0.206,0.311,0.265,0.576,680757
240,Shea Langeliers,28,0,Maj-AL,Athletics,39,179,162,30,55,10,0,12,27,15,1,39,1,0,1,3,0,0,0.34,0.397,0.623,1.02,669127
241,Wyatt Langford,24,23,Maj-AL,Texas,20,84,80,9,19,3,2,1,4,4,0,19,0,0,0,2,3,0,0.238,0.274,0.363,0.636,694671
242,Trevor Larnach,29,2,Maj-AL,Minnesota,33,118,97,15,26,6,1,1,11,20,1,21,1,0,0,3,2,1,0.268,0.398,0.381,0.78,663616
243,Ram\xc3\xb3n Laureano,31,0,Maj-NL,San Diego,40,159,140,18,30,4,2,5,19,16,0,50,1,0,2,1,4,0,0.214,0.296,0.379,0.674,657656
244,Jordan Lawlar,23,42,Maj-NL,Arizona,6,20,18,3,6,1,0,1,2,1,0,6,1,0,0,0,1,0,0.333,0.4,0.556,0.956,691783
245,Brooks Lee,25,0,Maj-AL,Minnesota,41,159,146,19,38,6,0,5,24,11,0,28,1,1,0,1,3,1,0.26,0.316,0.404,0.721,686797
246,Hao-Yu Lee,23,2,Maj-AL,Detroit,18,51,48,4,10,2,1,1,6,3,0,16,0,0,0,0,0,0,0.208,0.255,0.354,0.609,701678
247,Jung Hoo Lee,27,0,Maj-NL,San Francisco,44,179,165,18,44,10,1,3,16,10,0,22,2,0,2,3,0,0,0.267,0.313,0.394,0.707,808982
248,Sandy Le\xc3\xb3n,37,1,Maj-NL,Atlanta,1,2,2,0,1,0,0,0,0,0,0,0,0,0,0,0,0,0,0.5,0.5,0.5,1.0,506702
249,Royce Lewis,27,0,Maj-AL,Minnesota,28,108,93,11,15,3,0,3,12,12,0,31,2,0,1,1,3,0,0.161,0.269,0.29,0.559,668904
250,Daylen Lile,23,0,Maj-NL,Washington,43,190,171,27,45,11,0,6,22,16,1,34,1,0,2,2,3,3,0.263,0.326,0.433,0.759,695734
251,Francisco Lindor,32,22,Maj-NL,New York,24,105,93,14,21,2,2,2,5,11,0,19,1,0,0,2,2,1,0.226,0.314,0.355,0.669,596019
252,Brandon Lockridge,29,6,Maj-NL,Milwaukee,28,96,85,9,25,4,0,0,12,10,0,25,0,1,0,0,5,0,0.294,0.368,0.341,0.71,663604
253,Nick Loftin,27,0,Maj-AL,Kansas City,19,60,48,9,12,6,0,0,13,8,0,5,2,0,2,0,0,0,0.25,0.367,0.375,0.742,679845
254,Joey Loperfido,27,27,Maj-AL,Houston,20,66,58,7,16,5,0,0,7,6,0,19,1,0,1,0,1,1,0.276,0.348,0.362,0.711,694388
255,Nicky Lopez,31,5,Maj-NL,Chicago,4,5,5,1,0,0,0,0,0,0,0,2,0,0,0,0,0,0,0.0,0.0,0.0,0.0,670032
256,Otto Lopez,27,0,Maj-NL,Miami,43,181,171,27,58,11,2,4,19,7,0,32,2,0,1,3,5,3,0.339,0.37,0.497,0.867,672640
257,Brandon Lowe,31,0,Maj-NL,Pittsburgh,38,171,146,24,36,9,1,10,28,23,0,37,1,0,1,0,0,0,0.247,0.351,0.527,0.878,664040
258,Josh Lowe,28,2,Maj-AL,Los Angeles,38,115,106,7,17,1,0,4,10,6,0,34,1,1,1,0,1,0,0.16,0.211,0.283,0.494,666139
259,Nathaniel Lowe,30,1,Maj-NL,Cincinnati,30,97,86,10,21,5,0,6,16,11,0,25,0,0,0,0,0,0,0.244,0.33,0.512,0.842,663993
261,Nathan Lukes,31,20,Maj-AL,Toronto,20,56,52,5,13,4,0,0,8,1,0,7,2,0,1,3,0,1,0.25,0.286,0.327,0.613,664770
262,Manny Machado,33,0,Maj-NL,San Diego,41,172,147,22,28,4,0,6,20,21,1,38,0,1,3,3,1,1,0.19,0.287,0.34,0.627,592518
263,Joe Mack,23,1,Maj-NL,Miami,9,28,27,3,6,3,0,0,2,1,0,9,0,0,0,0,0,0,0.222,0.25,0.333,0.583,691788
264,Jake Mangum,30,9,Maj-NL,Pittsburgh,30,82,73,13,19,2,0,0,3,7,1,18,1,1,0,3,5,0,0.26,0.333,0.288,0.621,663968
265,Kyle Manzardo,25,1,Maj-AL,Cleveland,39,133,118,10,24,4,0,2,13,12,0,41,2,0,1,4,0,0,0.203,0.286,0.288,0.574,700932
266,Rafael March\xc3\xa1n,27,7,Maj-NL,Philadelphia,17,57,54,3,4,0,0,1,2,1,0,12,2,0,0,2,0,0,0.074,0.123,0.13,0.252,665561
267,Jakob Marsee,25,0,Maj-NL,Miami,43,189,159,22,28,4,2,2,13,24,0,48,4,1,1,1,12,4,0.176,0.298,0.264,0.562,805300
268,Brandon Marsh,28,0,Maj-NL,Philadelphia,40,155,144,23,49,7,1,4,21,7,1,29,1,0,3,2,3,0,0.34,0.368,0.486,0.854,669016
269,Ketel Marte,32,1,Maj-NL,Arizona,40,170,158,20,34,5,2,5,15,12,0,30,0,0,0,3,0,0,0.215,0.271,0.367,0.638,606466
270,Noelvi Marte,24,32,Maj-NL,Cincinnati,11,31,29,2,4,0,0,0,0,2,0,10,0,0,0,0,1,1,0.138,0.194,0.138,0.331,682622
271,Starling Marte,37,0,Maj-AL,Kansas City,17,47,42,2,13,3,0,0,2,3,0,13,1,0,1,1,0,1,0.31,0.362,0.381,0.743,516782
272,Austin Martin,27,0,Maj-AL,Minnesota,38,130,105,15,35,7,0,1,11,22,0,18,2,0,1,3,7,4,0.333,0.454,0.429,0.882,668885
273,Angel Mart\xc3\xadnez,24,1,Maj-AL,Cleveland,41,143,131,17,34,7,0,7,19,5,0,31,3,3,1,2,8,2,0.26,0.3,0.473,0.773,682657
274,Omar Mart\xc3\xadnez,24,1,Maj-AL,Los Angeles,5,3,3,0,1,0,0,0,0,0,0,1,0,0,0,0,0,0,0.333,0.333,0.333,0.667,683079
275,Michael Massey,28,2,Maj-AL,Kansas City,29,81,76,10,17,7,0,3,12,3,0,18,0,0,2,2,1,0,0.224,0.247,0.434,0.681,686681
276,Jorge Mateo,31,4,Maj-NL,Atlanta,26,58,55,15,17,2,0,2,6,3,0,19,0,0,0,1,4,1,0.309,0.345,0.455,0.799,622761
277,Luis Matos,24,21,Maj-NL,Milwaukee,9,21,20,1,4,0,0,0,0,1,0,7,0,0,0,1,0,0,0.2,0.238,0.2,0.438,682641
278,Brice Matthews,24,0,Maj-AL,Houston,36,112,102,12,20,4,1,4,13,8,0,37,0,1,1,0,2,0,0.196,0.252,0.373,0.625,694728
279,Ronny Mauricio,25,12,Maj-NL,New York,10,32,32,3,7,0,0,1,2,0,0,12,0,0,0,1,0,0,0.219,0.219,0.313,0.531,677595
280,Marcelo Mayer,23,0,Maj-AL,Boston,38,126,113,9,26,6,0,1,8,9,0,24,2,0,1,4,2,0,0.23,0.296,0.31,0.606,691785
281,Coby Mayo,24,1,Maj-AL,Baltimore,37,120,109,12,19,4,0,4,16,10,0,37,0,0,1,2,1,0,0.174,0.242,0.321,0.563,691723
282,James McCann,36,4,Maj-NL,Arizona,19,58,55,3,11,3,0,0,6,1,0,17,0,2,0,3,0,0,0.2,0.214,0.255,0.469,543510
283,Jake McCarthy,28,1,Maj-NL,Colorado,33,93,80,9,23,7,2,2,16,8,0,16,1,3,1,1,7,2,0.288,0.356,0.5,0.856,664983
284,Andrew McCutchen,39,3,Maj-AL,Texas,27,62,55,6,12,2,0,1,5,6,0,19,0,0,1,0,0,0,0.218,0.29,0.309,0.599,457705
285,Kevin McGonigle,21,0,Maj-AL,Detroit,42,185,157,27,46,12,2,2,16,26,0,24,2,0,0,0,7,0,0.293,0.4,0.433,0.833,805808
287,Reese McGuire,31,21,Maj-AL,Chicago,11,34,29,1,5,0,0,0,3,2,0,9,2,1,0,0,0,0,0.172,0.273,0.172,0.445,624512
288,Zach McKinstry,31,0,Maj-AL,Detroit,22,72,66,2,12,3,0,1,5,6,0,15,0,0,0,2,1,1,0.182,0.25,0.273,0.523,656716
289,Matt McLain,26,0,Maj-NL,Cincinnati,44,179,154,18,33,8,0,4,16,22,0,40,2,1,0,3,5,2,0.214,0.32,0.344,0.664,680574
290,Ryan McMahon,31,1,Maj-AL,New York,42,124,112,11,22,3,0,3,13,12,0,39,0,0,0,3,1,0,0.196,0.274,0.304,0.578,641857
291,Jeff McNeil,34,0,Maj-AL,Athletics,40,144,127,11,35,8,0,1,12,11,0,19,3,1,2,1,1,2,0.276,0.343,0.362,0.705,643446
292,Curtis Mead,25,1,Maj-NL,Washington,32,104,88,16,20,7,0,4,15,14,0,17,2,0,0,1,3,1,0.227,0.346,0.443,0.789,678554
293,Parker Meadows,26,35,Maj-AL,Detroit,12,39,36,3,9,1,1,0,2,2,0,10,1,0,0,0,3,0,0.25,0.308,0.333,0.641,678009
294,Chase Meidroth,24,0,Maj-AL,Chicago,41,176,153,27,43,9,0,3,10,17,0,43,0,3,2,3,1,0,0.281,0.349,0.399,0.748,805367
295,MJ Melendez,27,0,Maj-NL,New York,23,61,52,6,13,3,1,2,6,7,0,21,1,1,0,0,0,1,0.25,0.35,0.462,0.812,669004
296,Jackson Merrill,23,1,Maj-NL,San Diego,41,176,158,22,34,8,0,4,18,15,2,44,1,2,0,4,8,0,0.215,0.287,0.342,0.629,701538
297,Jake Meyers,30,36,Maj-AL,Houston,12,43,37,5,9,2,0,1,4,4,0,8,1,0,1,0,1,2,0.243,0.326,0.378,0.704,676694
298,Drew Millas,28,0,Maj-NL,Washington,29,75,67,9,12,3,0,1,6,6,0,21,0,1,0,0,0,0,0.179,0.247,0.269,0.515,686452
299,Garrett Mitchell,27,0,Maj-NL,Milwaukee,38,141,116,17,25,8,1,1,22,22,1,52,1,1,1,2,6,3,0.216,0.343,0.328,0.67,669003
300,Andruw Monasterio,29,0,Maj-AL,Boston,20,67,62,8,16,7,0,1,9,5,0,13,0,0,0,1,1,2,0.258,0.313,0.419,0.733,655316
301,Yo\xc3\xa1n Moncada,31,1,Maj-AL,Los Angeles,38,123,105,9,20,1,1,3,9,16,0,43,2,0,0,2,0,0,0.19,0.309,0.305,0.614,660162
302,Mickey Moniak,28,0,Maj-NL,Colorado,36,141,130,21,40,8,2,12,26,9,0,37,1,0,1,3,1,0,0.308,0.355,0.677,1.032,666160
303,Colson Montgomery,24,1,Maj-AL,Chicago,42,175,152,20,35,8,0,11,29,16,2,51,7,0,0,2,1,1,0.23,0.331,0.5,0.831,695657
304,Dylan Moore,33,13,Maj-NL,Philadelphia,13,15,12,3,0,0,0,0,0,3,0,6,0,0,0,0,1,0,0.0,0.2,0.0,0.2,664238
305,Christopher Morel,27,0,Maj-NL,Miami,11,38,35,2,6,1,0,0,1,2,0,14,1,0,0,0,1,0,0.171,0.237,0.2,0.437,666624
306,Gabriel Moreno,26,1,Maj-NL,Arizona,23,82,74,8,16,6,0,1,9,5,0,19,1,0,2,0,1,0,0.216,0.268,0.338,0.606,672515
307,Ryan Mountcastle,29,33,Maj-AL,Baltimore,8,15,14,0,4,1,0,0,1,1,0,2,0,0,0,0,0,0,0.286,0.333,0.357,0.69,663624
308,Cedric Mullins,31,1,Maj-AL,Tampa Bay,37,141,127,10,19,2,1,2,13,6,0,26,3,3,1,1,8,5,0.15,0.204,0.228,0.433,656775
309,Max Muncy,35,0,Maj-NL,Los Angeles,41,160,139,29,37,5,0,11,17,21,1,39,0,0,0,1,0,0,0.266,0.363,0.54,0.902,571970
310,Max Muncy,23,19,Maj-AL,Athletics,26,104,92,15,22,5,2,2,7,6,0,37,4,0,2,3,2,1,0.239,0.308,0.402,0.71,691777
311,Munetaka Murakami,26,0,Maj-AL,Chicago,43,186,150,29,34,1,0,15,29,35,4,63,0,0,1,1,0,2,0.227,0.371,0.533,0.904,808959
313,Sean Murphy,31,4,Maj-NL,Atlanta,4,14,14,1,1,0,0,0,0,0,0,6,0,0,0,1,0,0,0.071,0.071,0.071,0.143,669221
314,Tanner Murray,26,18,Maj-AL,Chicago,13,33,28,2,6,0,0,1,3,2,1,7,1,1,1,0,0,0,0.214,0.281,0.321,0.603,695020
315,Dane Myers,30,0,Maj-NL,Cincinnati,35,70,58,13,13,0,0,2,7,10,0,17,2,0,0,3,2,0,0.224,0.357,0.328,0.685,667472
316,Carlos Narv\xc3\xa1ez,27,0,Maj-AL,Boston,28,92,84,9,18,4,0,2,3,5,0,25,2,1,0,3,1,0,0.214,0.275,0.333,0.608,665966
317,Bo Naylor,26,7,Maj-AL,Cleveland,28,90,84,4,12,2,0,2,7,6,0,21,0,0,0,2,0,0,0.143,0.2,0.238,0.438,666310
318,Josh Naylor,29,0,Maj-AL,Seattle,42,183,166,12,41,5,0,5,20,15,1,30,1,0,1,6,8,2,0.247,0.311,0.367,0.679,647304
319,Zach Neto,25,1,Maj-AL,Los Angeles,44,203,174,29,39,9,1,7,20,26,1,63,2,0,1,0,7,4,0.224,0.33,0.408,0.738,687263
320,Brandon Nimmo,33,1,Maj-AL,Texas,41,181,160,18,45,7,2,4,12,17,1,35,3,0,1,3,1,1,0.281,0.359,0.425,0.784,607043
321,Connor Norby,26,1,Maj-NL,Miami,39,145,124,11,29,8,0,3,12,15,0,45,5,0,1,4,5,2,0.234,0.338,0.371,0.709,681393
322,Nasim Nu\xc3\xb1ez,25,0,Maj-NL,Washington,41,149,124,17,25,1,1,0,14,19,0,29,1,4,1,1,18,2,0.202,0.31,0.226,0.536,683083
323,Ryan O\'Hearn,32,0,Maj-NL,Pittsburgh,42,176,154,26,46,6,0,7,29,18,1,33,2,0,2,10,1,0,0.299,0.375,0.474,0.849,656811
324,Logan O\'Hoppe,26,19,Maj-AL,Los Angeles,26,93,78,9,16,1,0,1,8,11,0,23,3,0,1,2,0,0,0.205,0.323,0.256,0.579,681351
325,Tyler O\'Neill,31,1,Maj-AL,Baltimore,24,75,62,11,11,1,0,1,6,11,0,18,2,0,0,0,0,0,0.177,0.32,0.242,0.562,641933
326,Shohei Ohtani,31,2,Maj-NL,Los Angeles,39,185,150,27,36,7,0,7,17,28,6,44,4,0,2,3,5,0,0.24,0.37,0.427,0.796,660271
327,Kazuma Okamoto,30,1,Maj-AL,Toronto,42,177,155,22,37,4,0,10,27,21,0,50,0,0,1,4,0,0,0.239,0.328,0.458,0.786,672960
328,Jared Oliva,30,30,Maj-NL,San Francisco,7,7,7,1,1,0,0,0,0,0,0,1,0,0,0,1,1,0,0.143,0.143,0.143,0.286,666931
329,Matt Olson,32,0,Maj-NL,Atlanta,44,194,170,36,50,15,0,14,37,22,2,47,0,0,2,2,1,0,0.294,0.371,0.629,1.001,621566
330,Joey Ortiz,27,0,Maj-NL,Milwaukee,34,102,90,14,18,1,0,1,11,8,0,21,0,2,2,1,4,2,0.2,0.26,0.244,0.504,687401
331,Alejandro Osuna,23,1,Maj-AL,Texas,18,48,37,5,10,1,0,0,6,7,0,10,4,0,0,0,1,2,0.27,0.438,0.297,0.735,696030
332,James Outman,29,0,Maj-AL,Minnesota,32,39,36,8,6,3,0,0,3,3,0,13,0,0,0,0,4,1,0.167,0.231,0.25,0.481,681546
333,Marcell Ozuna,35,0,Maj-NL,Pittsburgh,37,157,140,13,26,4,0,4,14,15,1,40,2,0,0,3,0,0,0.186,0.274,0.3,0.574,542303
334,Andy Pages,25,0,Maj-NL,Los Angeles,44,176,160,23,49,8,0,9,35,12,0,35,2,0,2,3,6,1,0.306,0.358,0.525,0.883,681624
335,Pedro Pag\xc3\xa9s,27,1,Maj-NL,St. Louis,28,100,91,9,19,3,0,3,8,4,0,25,2,2,1,3,2,0,0.209,0.255,0.341,0.596,686780
336,Richie Palacios,29,1,Maj-AL,Tampa Bay,28,76,62,9,14,1,0,1,9,10,0,17,3,0,1,0,4,4,0.226,0.355,0.29,0.646,680700
337,Isaac Paredes,27,0,Maj-AL,Houston,40,165,145,16,37,7,0,3,17,15,0,29,5,0,0,5,0,0,0.255,0.345,0.366,0.711,670623
339,Vinnie Pasquantino,28,0,Maj-AL,Kansas City,42,180,157,16,32,4,2,5,21,18,0,35,1,0,4,3,1,0,0.204,0.283,0.35,0.634,686469
340,Graham Pauley,25,9,Maj-NL,Miami,28,81,75,8,13,6,0,1,9,5,0,19,0,1,0,3,1,1,0.173,0.225,0.293,0.518,688363
341,Joc Pederson,34,1,Maj-AL,Texas,39,118,98,13,21,3,0,3,9,16,0,28,1,0,3,4,0,0,0.214,0.322,0.337,0.659,592626
342,Jeremy Pe\xc3\xb1a,28,33,Maj-AL,Houston,10,46,43,5,11,4,0,0,0,3,0,6,0,0,0,0,1,0,0.256,0.304,0.349,0.653,665161
343,Oswald Peraza,26,1,Maj-AL,Los Angeles,40,123,111,13,31,5,1,5,11,8,0,29,3,1,0,3,5,1,0.279,0.344,0.477,0.822,672724
344,Geraldo Perdomo,26,1,Maj-NL,Arizona,39,162,133,16,29,6,3,2,12,25,0,22,0,2,2,5,6,3,0.218,0.338,0.353,0.691,672695
345,Jhonny Pereda,30,8,Maj-AL,Seattle,2,5,5,1,2,0,0,0,0,0,0,1,0,0,0,0,0,0,0.4,0.4,0.4,0.8,640902
346,Everson Pereira,25,16,Maj-AL,Chicago,18,71,64,7,16,4,0,3,7,4,0,21,2,0,1,2,1,0,0.25,0.31,0.453,0.763,677592
347,Salvador Perez,36,0,Maj-AL,Kansas City,42,176,165,15,33,5,0,6,18,6,1,39,3,0,2,7,0,0,0.2,0.239,0.339,0.578,521692
348,Wenceel P\xc3\xa9rez,26,0,Maj-AL,Detroit,29,95,89,10,15,2,0,2,8,6,0,13,0,0,0,0,3,1,0.169,0.221,0.258,0.479,672761
349,Blake Perkins,29,1,Maj-NL,Milwaukee,22,56,49,6,6,3,0,0,7,5,0,13,1,1,0,1,1,0,0.122,0.218,0.184,0.402,663368
350,Tristan Peters,26,0,Maj-AL,Chicago,40,107,96,10,26,4,1,0,7,7,0,26,1,3,0,0,4,0,0.271,0.327,0.333,0.66,671976
351,Tommy Pham,38,18,Maj-NL,New York,9,14,13,1,0,0,0,0,0,1,0,7,0,0,0,0,0,0,0.0,0.071,0.0,0.071,502054
352,Yohendrick Pinango,24,1,Maj-AL,Toronto,13,39,36,2,13,2,0,0,6,3,0,4,0,0,0,0,0,0,0.361,0.41,0.417,0.827,682818
353,Jorge Polanco,32,30,Maj-NL,New York,14,61,56,3,10,3,0,1,2,5,0,11,0,0,0,0,0,0,0.179,0.246,0.286,0.532,593871
354,Logan Porter,30,5,Maj-NL,San Francisco,1,0,0,1,0,0,0,0,0,0,0,0,0,0,0,0,0,0,,,,,682515
355,Yohel Pozo,29,0,Maj-NL,St. Louis,12,26,26,0,6,1,0,0,4,0,0,2,0,0,0,3,0,0,0.231,0.231,0.269,0.5,650968
356,C\xc3\xa9sar Prieto,27,6,Maj-NL,St. Louis,2,5,5,0,0,0,0,0,0,0,0,1,0,0,0,1,0,0,0.0,0.0,0.0,0.0,693409
357,Edgar Quero,23,0,Maj-AL,Chicago,31,103,86,3,13,1,0,0,7,9,0,26,3,2,3,4,1,0,0.151,0.248,0.163,0.41,700337
358,Jeferson Quero,23,46,Maj-NL,Milwaukee,1,2,1,0,0,0,0,0,0,1,0,0,0,0,0,0,0,0,0.0,0.5,0.0,0.5,691620
359,Ceddanne Rafaela,25,0,Maj-AL,Boston,41,152,138,18,38,4,2,4,19,8,0,35,6,0,0,6,2,3,0.275,0.342,0.42,0.762,678882
360,Cal Raleigh,29,1,Maj-AL,Seattle,41,181,161,16,26,4,0,7,18,18,0,57,0,0,2,4,2,1,0.161,0.243,0.317,0.56,663728
361,Luke Raley,31,0,Maj-AL,Seattle,39,124,112,19,30,4,1,10,27,8,0,43,3,1,0,0,0,1,0.268,0.333,0.589,0.923,670042
362,Agust\xc3\xadn Ram\xc3\xadrez,24,11,Maj-NL,Miami,31,129,113,14,26,5,1,2,14,13,1,28,2,0,1,5,3,1,0.23,0.318,0.345,0.663,682663
363,Jos\xc3\xa9 Ram\xc3\xadrez,33,1,Maj-AL,Cleveland,45,197,164,26,34,8,0,6,16,32,4,28,1,0,0,1,18,2,0.207,0.34,0.366,0.706,608070
365,Heliot Ramos,26,0,Maj-NL,San Francisco,43,173,162,19,43,12,1,4,20,10,1,46,0,0,1,1,0,0,0.265,0.306,0.426,0.732,671218
366,J.T. Realmuto,35,0,Maj-NL,Philadelphia,27,100,91,8,21,4,0,1,8,5,0,17,3,0,1,1,0,0,0.231,0.29,0.308,0.598,592663
367,Rob Refsnyder,35,1,Maj-AL,Seattle,26,61,53,5,7,0,0,2,4,6,0,16,0,0,2,0,0,0,0.132,0.213,0.245,0.458,608701
368,Luis Rengifo,29,0,Maj-NL,Milwaukee,35,132,118,12,26,8,0,0,14,11,1,14,1,1,1,1,2,0,0.22,0.29,0.288,0.578,650859
369,Felix Reyes,25,0,Maj-NL,Philadelphia,12,38,38,2,6,1,0,1,2,0,0,9,0,0,0,1,0,0,0.158,0.158,0.263,0.421,694025
370,Bryan Reynolds,31,0,Maj-NL,Pittsburgh,44,190,153,28,38,5,2,4,26,34,2,45,2,0,1,3,2,0,0.248,0.389,0.386,0.775,668804
371,Ben Rice,27,1,Maj-AL,New York,39,160,132,31,40,9,0,13,29,25,2,41,1,0,2,4,2,0,0.303,0.413,0.667,1.079,700250
372,Austin Riley,29,0,Maj-NL,Atlanta,44,183,165,22,36,7,0,6,25,14,0,48,3,0,1,6,3,0,0.218,0.29,0.37,0.659,663586
373,Ryan Ritter,25,43,Maj-NL,Colorado,6,7,7,1,1,0,0,0,0,0,0,3,0,0,0,0,0,0,0.143,0.143,0.143,0.286,690022
374,Leo Rivas,28,1,Maj-AL,Seattle,36,115,95,8,13,2,1,0,7,14,0,35,3,2,1,1,2,0,0.137,0.265,0.179,0.444,660844
375,Sebasti\xc3\xa1n Rivero,27,1,Maj-AL,Los Angeles,14,27,25,0,4,0,0,0,0,1,0,4,0,1,0,1,0,0,0.16,0.192,0.16,0.352,665861
376,Luis Robert Jr.,28,18,Maj-NL,New York,24,98,85,10,19,3,0,2,8,13,0,17,0,0,0,2,2,2,0.224,0.327,0.329,0.656,673357
377,V\xc3\xadctor Robles,29,41,Maj-AL,Seattle,4,13,13,0,3,1,0,0,1,0,0,3,0,0,0,0,1,0,0.231,0.231,0.308,0.538,645302
378,Brayan Rocchio,25,1,Maj-AL,Cleveland,43,162,142,17,39,5,0,3,22,14,0,16,3,2,1,3,7,3,0.275,0.35,0.373,0.723,677587
379,Endy Rodr\xc3\xadguez,26,0,Maj-NL,Pittsburgh,1,4,3,0,2,1,0,0,2,1,0,0,0,0,0,0,0,0,0.667,0.75,1.0,1.75,682848
380,Jes\xc3\xbas Rodr\xc3\xadguez,24,1,Maj-NL,San Francisco,7,26,24,1,6,0,0,1,4,1,0,4,1,0,0,1,1,0,0.25,0.308,0.375,0.683,683679
381,Johnathan Rodr\xc3\xadguez,26,25,Maj-AL,Baltimore,5,11,7,0,0,0,0,0,1,3,0,4,0,0,1,1,0,0,0.0,0.273,0.0,0.273,671286
382,Julio Rodr\xc3\xadguez,25,0,Maj-AL,Seattle,45,197,180,22,47,9,0,7,20,15,1,47,2,0,0,3,3,2,0.261,0.325,0.428,0.753,677594
383,Jake Rogers,31,0,Maj-AL,Detroit,13,43,38,4,6,2,1,0,4,2,0,12,1,0,2,0,1,0,0.158,0.209,0.263,0.472,668670
384,Miguel Rojas,37,0,Maj-NL,Los Angeles,27,73,67,5,19,3,0,1,6,4,0,8,0,1,1,3,0,1,0.284,0.319,0.373,0.693,500743
385,Drew Romo,24,1,Maj-AL,Chicago,11,40,31,6,5,1,0,4,6,8,0,9,1,0,0,0,0,0,0.161,0.35,0.581,0.931,691011
386,Brent Rooker,31,0,Maj-AL,Athletics,27,116,100,9,19,2,0,5,18,14,1,36,0,0,2,2,2,0,0.19,0.284,0.36,0.644,667670
387,Amed Rosario,30,2,Maj-AL,New York,25,79,71,10,19,2,1,4,15,6,0,15,0,0,2,1,0,0,0.268,0.316,0.493,0.809,642708
388,Esteury Ruiz,27,0,Maj-NL,Miami,15,23,23,6,5,2,0,2,3,0,0,8,0,0,0,0,7,0,0.217,0.217,0.565,0.783,665923
389,Keibert Ruiz,27,1,Maj-NL,Washington,27,85,82,9,17,8,0,3,15,1,0,14,1,0,1,4,0,0,0.207,0.224,0.415,0.638,660688
391,TJ Rumfield,26,0,Maj-NL,Colorado,43,175,157,18,44,7,1,6,22,15,0,29,2,0,1,1,0,0,0.28,0.349,0.452,0.801,681198
392,Dalton Rushing,25,0,Maj-NL,Los Angeles,22,74,66,14,19,2,0,7,17,5,0,21,3,0,0,1,0,0,0.288,0.365,0.636,1.001,687221
393,Adley Rutschman,28,1,Maj-AL,Baltimore,28,112,103,14,30,9,0,6,24,7,0,16,1,0,1,2,0,0,0.291,0.339,0.553,0.893,668939
394,Thomas Saggese,24,0,Maj-NL,St. Louis,22,65,61,6,9,2,0,0,2,4,0,22,0,0,0,2,0,1,0.148,0.2,0.18,0.38,695336
395,C\xc3\xa9sar Salazar,30,0,Maj-AL,Houston,3,10,8,0,1,0,0,0,0,2,0,0,0,0,0,0,0,0,0.125,0.3,0.125,0.425,663967
396,Gary S\xc3\xa1nchez,33,0,Maj-NL,Milwaukee,29,104,84,15,17,3,1,5,15,19,0,22,1,0,0,2,0,0,0.202,0.356,0.44,0.796,596142
397,Jes\xc3\xbas S\xc3\xa1nchez,28,1,Maj-AL,Toronto,42,139,127,16,33,5,0,5,18,6,1,27,3,0,3,3,1,0,0.26,0.302,0.417,0.719,660821
398,Javier Sanoja,23,0,Maj-NL,Miami,33,95,87,3,22,4,0,0,10,8,0,11,0,0,0,1,2,1,0.253,0.316,0.299,0.615,691594
399,Carlos Santana,40,39,Maj-NL,Arizona,8,26,24,1,2,1,0,0,0,2,0,8,0,0,0,0,0,0,0.083,0.154,0.125,0.279,467793
400,Nolan Schanuel,24,2,Maj-AL,Los Angeles,40,171,157,14,41,10,0,3,20,11,0,28,1,0,2,8,0,1,0.261,0.31,0.382,0.692,694384
401,Casey Schmitt,27,0,Maj-NL,San Francisco,36,146,134,17,37,8,1,6,18,6,0,32,5,0,1,2,3,1,0.276,0.329,0.485,0.814,669477
402,Daniel Schneemann,29,1,Maj-AL,Cleveland,37,129,114,16,31,8,0,4,18,15,0,38,0,0,0,1,3,2,0.272,0.357,0.447,0.804,682177
403,Davis Schneider,27,2,Maj-AL,Toronto,31,73,57,13,8,3,0,1,8,16,0,24,0,0,0,1,1,0,0.14,0.329,0.246,0.574,676914
404,Max Schuemann,29,2,Maj-AL,New York,7,13,11,1,3,2,0,0,1,2,0,3,0,0,0,0,0,2,0.273,0.385,0.455,0.839,680474
405,Kyle Schwarber,33,0,Maj-NL,Philadelphia,44,197,164,30,37,7,1,18,30,29,0,63,4,0,0,1,1,0,0.226,0.355,0.61,0.965,656941
406,Victor Scott II,25,0,Maj-NL,St. Louis,41,122,104,14,19,2,0,2,6,8,0,34,1,8,1,2,6,3,0.183,0.246,0.26,0.505,687363
407,Corey Seager,32,1,Maj-AL,Texas,42,182,156,22,28,6,0,7,20,22,2,50,2,0,2,5,1,0,0.179,0.286,0.353,0.638,608369
408,Marcus Semien,35,0,Maj-NL,New York,43,169,154,15,35,6,0,3,14,12,0,33,1,1,1,3,5,1,0.227,0.286,0.325,0.61,543760
409,Hayden Senger,29,0,Maj-NL,New York,1,4,3,0,0,0,0,0,1,0,0,0,0,1,0,0,0,0,0.0,0.0,0.0,0.0,663584
410,Matt Shaw,24,0,Maj-NL,Chicago,36,97,90,10,23,6,0,3,11,5,0,17,0,1,1,1,3,1,0.256,0.292,0.422,0.714,807713
411,Gavin Sheets,30,0,Maj-NL,San Diego,38,128,118,15,27,9,0,6,16,9,0,26,1,0,0,4,2,0,0.229,0.289,0.458,0.747,657757
412,Braden Shewmake,28,0,Maj-AL,Houston,14,38,37,6,14,1,0,3,6,0,0,6,0,1,0,0,0,0,0.378,0.378,0.649,1.027,669699
413,Zack Short,31,1,Maj-AL,Detroit,6,13,9,1,0,0,0,0,0,3,0,3,1,0,0,0,0,0,0.0,0.308,0.0,0.308,670097
414,Chandler Simpson,25,1,Maj-AL,Tampa Bay,41,173,160,23,49,1,3,0,12,8,0,17,0,3,2,0,14,4,0.306,0.335,0.35,0.685,802415
415,Austin Slater,33,2,Maj-NL,"Miami,New York",20,46,41,3,9,1,0,0,2,4,0,14,0,0,1,1,1,0,0.22,0.283,0.244,0.527,596103
417,Cam Smith,23,0,Maj-AL,Houston,44,171,148,18,30,6,0,4,17,18,0,48,2,0,2,5,6,1,0.203,0.294,0.324,0.618,701358
418,Dominic Smith,31,0,Maj-NL,Atlanta,34,93,85,13,30,3,0,4,18,4,0,13,1,1,2,1,0,0,0.353,0.38,0.529,0.91,642086
419,Josh Smith,28,11,Maj-AL,Texas,31,108,92,6,20,2,0,0,6,14,1,20,1,0,1,1,2,1,0.217,0.324,0.239,0.563,669701
420,Pavin Smith,30,47,Maj-NL,Arizona,2,8,6,1,1,0,0,0,1,2,0,2,0,0,0,0,0,0,0.167,0.375,0.167,0.542,656976
421,Will Smith,31,0,Maj-NL,Los Angeles,37,140,124,13,32,3,0,4,18,14,0,25,0,0,2,2,0,0,0.258,0.329,0.379,0.708,669257
422,Tyler Soderstrom,24,0,Maj-AL,Athletics,40,173,154,22,30,12,1,5,20,18,1,36,0,0,1,5,1,0,0.195,0.277,0.383,0.661,691016
423,Jorge Soler,34,1,Maj-AL,Los Angeles,40,170,145,20,32,7,0,8,28,18,0,55,4,0,3,5,0,0,0.221,0.318,0.434,0.752,624585
424,Sung-Mun Song,29,0,Maj-NL,San Diego,8,16,13,3,2,1,0,0,3,3,0,4,0,0,0,0,2,0,0.154,0.313,0.231,0.543,823550
425,Edmundo Sosa,30,0,Maj-NL,Philadelphia,24,70,68,6,17,3,0,1,11,2,0,15,0,0,0,1,2,0,0.25,0.271,0.338,0.61,624641
426,Lenyn Sosa,26,1,Maj-AL,"Chicago,Toronto",31,91,89,8,19,6,0,1,9,0,0,20,0,1,1,2,0,0,0.213,0.211,0.315,0.526,672820
427,Juan Soto,27,0,Maj-NL,New York,28,120,104,13,28,4,1,5,13,15,3,18,0,0,1,1,1,1,0.269,0.358,0.471,0.829,665742
428,George Springer,36,1,Maj-AL,Toronto,25,107,94,9,19,5,0,2,8,11,0,20,1,0,0,0,1,1,0.202,0.292,0.319,0.612,543807
429,Giancarlo Stanton,36,20,Maj-AL,New York,24,96,90,8,23,6,0,3,14,6,0,29,0,0,0,2,1,0,0.256,0.302,0.422,0.724,519317
430,Spencer Steer,28,0,Maj-NL,Cincinnati,42,165,147,22,38,7,0,7,14,14,0,36,3,0,1,4,2,0,0.259,0.333,0.449,0.782,668715
431,Michael Stefanic,30,0,Maj-AL,Athletics,2,5,5,1,2,0,0,0,0,0,0,1,0,0,0,0,0,0,0.4,0.4,0.4,0.8,683021
432,Tyler Stephenson,29,1,Maj-NL,Cincinnati,35,123,107,7,20,4,0,3,11,15,0,34,0,0,1,2,0,0,0.187,0.285,0.308,0.593,663886
433,Sal Stewart,22,0,Maj-NL,Cincinnati,44,192,168,26,41,8,0,10,30,22,1,38,0,0,2,4,9,0,0.244,0.328,0.47,0.798,701398
434,Trevor Story,33,0,Maj-AL,Boston,41,176,165,16,34,7,0,3,19,8,0,57,1,0,2,6,4,0,0.206,0.244,0.303,0.547,596115
435,Bryson Stott,28,0,Maj-NL,Philadelphia,38,141,131,12,29,6,2,3,17,7,0,25,1,2,0,2,8,0,0.221,0.266,0.366,0.633,681082
436,Kyle Stowers,28,0,Maj-NL,Miami,22,91,79,10,17,4,0,1,3,10,1,21,2,0,0,4,1,1,0.215,0.319,0.304,0.622,669065
437,Myles Straw,31,1,Maj-AL,Toronto,36,80,69,17,20,3,0,2,6,9,0,11,0,1,1,1,1,1,0.29,0.367,0.42,0.787,664702
438,Garrett Stubbs,33,7,Maj-NL,Philadelphia,7,18,16,2,4,0,0,0,1,1,0,3,0,0,1,0,0,0,0.25,0.278,0.25,0.528,596117
439,Eugenio Su\xc3\xa1rez,34,22,Maj-NL,Cincinnati,25,100,91,10,21,3,0,3,11,9,0,30,0,0,0,1,0,0,0.231,0.3,0.363,0.663,553993
440,Brett Sullivan,32,1,Maj-NL,Colorado,23,72,66,3,14,6,0,0,7,4,0,17,1,1,0,2,0,0,0.212,0.268,0.303,0.571,664954
441,Daniel Susac,25,25,Maj-NL,San Francisco,11,24,23,1,11,2,1,0,5,1,0,3,0,0,0,1,0,1,0.478,0.5,0.652,1.152,691740
443,Seiya Suzuki,31,0,Maj-NL,Chicago,30,131,110,19,29,3,0,7,16,18,3,32,2,0,1,2,0,0,0.264,0.374,0.482,0.856,673548
444,Dansby Swanson,32,0,Maj-NL,Chicago,43,170,143,26,27,3,1,6,25,23,0,36,1,0,3,2,3,0,0.189,0.3,0.35,0.65,621020
445,Fernando Tatis Jr.,27,0,Maj-NL,San Diego,42,180,156,15,38,5,1,0,15,18,1,45,1,1,4,4,10,4,0.244,0.318,0.288,0.607,665487
446,Leody Taveras,27,1,Maj-AL,Baltimore,36,119,101,13,25,5,1,2,19,16,0,25,0,2,0,0,2,1,0.248,0.35,0.376,0.727,665750
447,Tim Tawa,27,2,Maj-NL,Arizona,21,55,46,4,7,2,0,1,6,7,0,11,0,1,1,1,0,1,0.152,0.259,0.261,0.52,694374
448,Tyrone Taylor,32,0,Maj-NL,New York,35,82,77,4,14,2,0,2,11,2,0,15,0,3,0,0,0,1,0.182,0.203,0.286,0.488,621438
449,Jos\xc3\xa9 Tena,25,0,Maj-NL,Washington,33,84,77,13,21,6,1,2,11,6,0,24,1,0,0,5,0,0,0.273,0.333,0.455,0.788,677588
450,Bryce Teodosio,27,1,Maj-AL,Los Angeles,33,49,45,5,10,2,0,0,2,3,0,17,0,1,0,1,4,1,0.222,0.271,0.267,0.538,669326
451,Alek Thomas,26,7,Maj-NL,Arizona,28,100,94,12,17,9,0,2,10,3,0,23,2,1,0,3,4,0,0.181,0.222,0.34,0.563,677950
452,Colby Thomas,25,0,Maj-AL,Athletics,11,31,28,3,10,1,0,1,3,2,0,7,0,1,0,0,0,0,0.357,0.4,0.5,0.9,687515
453,Lane Thomas,30,0,Maj-AL,Kansas City,35,97,77,8,16,1,0,1,8,17,0,19,1,0,2,1,3,2,0.208,0.351,0.26,0.61,657041
454,Tyler Tolbert,28,26,Maj-AL,Kansas City,7,5,5,1,1,0,0,0,0,0,0,1,0,0,0,1,1,1,0.2,0.2,0.2,0.4,686475
455,Spencer Torkelson,26,0,Maj-AL,Detroit,43,169,142,14,28,8,0,6,16,24,0,54,2,0,1,3,0,1,0.197,0.32,0.38,0.7,679529
456,Luis Torrens,30,1,Maj-NL,New York,20,56,51,6,11,4,0,0,8,3,0,11,1,1,0,0,0,0,0.216,0.273,0.294,0.567,620443
457,Gleyber Torres,29,12,Maj-AL,Detroit,32,144,116,18,30,2,0,2,11,25,0,22,1,0,2,2,0,0,0.259,0.389,0.328,0.716,650402
458,Ezequiel Tovar,24,0,Maj-NL,Colorado,43,157,146,12,29,8,0,1,11,8,0,44,2,0,1,1,3,0,0.199,0.248,0.274,0.522,678662
459,Taylor Trammell,28,24,Maj-AL,Houston,10,33,29,4,10,1,1,0,4,4,0,9,0,0,0,0,1,0,0.345,0.424,0.448,0.873,666211
460,Jose Trevino,33,0,Maj-NL,Cincinnati,10,30,28,2,4,1,0,0,2,1,0,5,0,1,0,0,0,0,0.143,0.172,0.179,0.351,624431
461,Jared Triolo,28,0,Maj-NL,Pittsburgh,15,45,41,2,10,2,0,0,3,3,0,8,1,0,0,2,1,0,0.244,0.311,0.293,0.604,669707
462,Mike Trout,34,1,Maj-AL,Los Angeles,43,195,153,33,38,6,0,11,23,39,4,51,3,0,0,3,5,0,0.248,0.41,0.503,0.914,545361
463,Kyle Tucker,29,0,Maj-NL,Los Angeles,43,185,158,29,40,12,0,4,20,24,0,36,1,0,2,0,3,0,0.253,0.351,0.405,0.756,663656
464,Brice Turang,26,0,Maj-NL,Milwaukee,38,175,141,33,42,10,1,6,27,31,1,35,0,2,1,3,8,2,0.298,0.422,0.511,0.933,668930
465,Trea Turner,33,0,Maj-NL,Philadelphia,43,190,176,25,41,7,0,4,13,13,0,40,0,0,1,3,5,1,0.233,0.284,0.341,0.625,607208
466,Ram\xc3\xb3n Ur\xc3\xadas,32,11,Maj-NL,St. Louis,25,68,57,9,9,3,0,2,5,6,0,12,4,0,1,1,0,1,0.158,0.279,0.316,0.595,602104
467,Brandon Valenzuela,25,1,Maj-AL,Toronto,25,70,63,10,14,1,0,4,10,7,0,20,0,0,0,0,0,0,0.222,0.3,0.429,0.729,678218
469,George Valera,25,16,Maj-AL,Cleveland,13,38,37,1,8,3,0,0,6,1,0,8,0,0,0,1,0,0,0.216,0.237,0.297,0.534,671655
470,Ildemaro Vargas,34,1,Maj-NL,Arizona,35,146,139,22,46,7,2,7,28,5,0,16,0,1,0,0,1,0,0.331,0.354,0.561,0.915,545121
471,Miguel Vargas,26,0,Maj-AL,Chicago,42,185,150,31,36,5,1,9,23,30,1,31,3,0,2,3,6,0,0.24,0.373,0.467,0.84,678246
472,Daulton Varsho,29,1,Maj-AL,Toronto,41,159,144,19,36,7,0,5,13,13,2,30,2,0,0,0,3,0,0.25,0.321,0.403,0.724,662139
473,Andrew Vaughn,28,0,Maj-NL,Milwaukee,8,30,24,5,7,2,0,1,6,4,0,4,2,0,0,0,0,0,0.292,0.433,0.5,0.933,683734
474,Christian V\xc3\xa1zquez,35,1,Maj-AL,Houston,25,84,76,7,20,4,0,3,12,6,0,15,0,2,0,1,0,0,0.263,0.317,0.434,0.751,543877
475,Mark Vientos,26,0,Maj-NL,New York,35,129,120,14,29,5,0,6,19,7,0,27,1,0,1,3,0,0,0.242,0.287,0.433,0.72,668901
476,Matt Vierling,29,1,Maj-AL,Detroit,35,113,100,9,20,9,0,2,17,11,0,18,0,0,2,3,1,0,0.2,0.274,0.35,0.624,663837
477,Ryan Vilade,27,2,Maj-AL,Tampa Bay,25,63,57,6,16,3,0,2,10,5,0,12,0,1,0,1,1,0,0.281,0.339,0.439,0.777,668723
478,Jorbit Vivas,25,0,Maj-NL,Washington,33,93,79,13,20,4,0,0,3,6,0,12,4,2,1,3,0,1,0.253,0.333,0.304,0.637,678391
479,Anthony Volpe,25,1,Maj-AL,New York,1,3,3,0,0,0,0,0,0,0,0,1,0,0,0,0,0,0,0.0,0.0,0.0,0.0,683011
480,Ryan Waldschmidt,23,1,Maj-NL,Arizona,6,19,18,1,5,2,0,0,3,1,0,5,0,0,0,0,0,1,0.278,0.316,0.389,0.705,814439
481,Christian Walker,35,0,Maj-AL,Houston,45,183,163,26,44,10,0,10,29,17,1,34,2,0,1,7,0,0,0.27,0.344,0.515,0.86,572233
482,Jordan Walker,24,0,Maj-NL,St. Louis,42,181,160,33,47,9,0,12,32,19,0,50,1,0,1,2,7,3,0.294,0.37,0.575,0.945,691023
483,Matt Wallner,28,1,Maj-AL,Minnesota,34,135,120,14,20,3,0,4,10,10,0,53,5,0,0,2,0,1,0.167,0.259,0.292,0.551,670242
484,Taylor Walls,29,1,Maj-AL,Tampa Bay,31,111,92,14,19,3,1,0,8,13,0,26,1,5,0,1,6,2,0.207,0.311,0.261,0.572,670764
485,Ryan Ward,28,24,Maj-NL,Los Angeles,2,6,6,0,2,0,0,0,1,0,0,1,0,0,0,0,0,0,0.333,0.333,0.333,0.667,669899
486,Taylor Ward,32,1,Maj-AL,Baltimore,43,195,151,28,40,14,0,1,12,42,0,35,1,0,1,2,1,2,0.265,0.426,0.377,0.803,621493
487,Austin Wells,26,2,Maj-AL,New York,33,120,100,11,18,1,0,3,5,19,2,27,0,0,1,3,0,0,0.18,0.308,0.28,0.588,669224
488,JJ Wetherholt,23,0,Maj-NL,St. Louis,43,198,164,33,40,5,0,8,22,22,1,35,10,0,2,0,5,0,0.244,0.364,0.421,0.784,802139
489,Shay Whitcomb,27,2,Maj-AL,Houston,13,17,16,1,2,0,0,1,4,1,0,9,0,0,0,0,0,0,0.125,0.176,0.313,0.489,694376
490,Eli White,32,4,Maj-NL,Atlanta,26,62,59,8,14,1,1,2,10,2,0,12,0,0,1,0,1,0,0.237,0.258,0.39,0.648,642201
491,Joey Wiemer,27,0,Maj-NL,Washington,29,76,66,14,19,4,1,3,10,10,0,29,0,0,0,2,1,0,0.288,0.382,0.515,0.897,686894
492,Carson Williams,23,41,Maj-AL,Tampa Bay,7,25,23,4,3,1,0,0,3,1,0,9,0,1,0,0,0,0,0.13,0.167,0.174,0.341,700246
493,Luke Williams,29,32,Maj-NL,Atlanta,2,1,0,0,0,0,0,0,0,1,0,0,0,0,0,0,0,0,,1.0,,,663897
495,Ben Williamson,25,1,Maj-AL,Tampa Bay,38,126,111,19,30,6,1,0,14,14,0,23,0,1,0,3,4,1,0.27,0.352,0.342,0.694,810938
496,Jacob Wilson,24,4,Maj-AL,Athletics,39,168,161,18,47,8,0,3,19,5,0,20,0,1,1,4,2,0,0.292,0.311,0.398,0.709,805779
497,Weston Wilson,31,1,Maj-AL,Baltimore,13,34,27,5,7,1,0,0,2,6,0,10,1,0,0,0,2,1,0.259,0.412,0.296,0.708,642215
498,Will Wilson,27,15,Maj-AL,Seattle,2,6,5,1,1,0,0,1,2,1,0,1,0,0,0,0,0,0,0.2,0.333,0.8,1.133,669717
499,Masyn Winn,24,0,Maj-NL,St. Louis,38,163,143,17,37,7,2,1,16,14,0,30,4,0,2,2,4,1,0.259,0.337,0.357,0.694,691026
500,Patrick Wisdom,34,30,Maj-AL,Seattle,1,1,1,0,0,0,0,0,0,0,0,1,0,0,0,0,0,0,0.0,0.0,0.0,0.0,621550
501,Bobby Witt Jr.,26,0,Maj-AL,Kansas City,44,197,173,22,53,11,1,7,22,22,2,33,0,0,2,6,13,2,0.306,0.381,0.503,0.884,677951
502,Connor Wong,30,1,Maj-AL,Boston,18,57,49,3,12,5,0,0,7,4,0,11,2,2,0,1,1,0,0.245,0.327,0.347,0.674,657136
503,James Wood,23,0,Maj-NL,Washington,44,207,167,36,39,11,0,12,29,37,6,66,3,0,0,1,7,1,0.234,0.382,0.515,0.897,695578
504,Gage Workman,26,0,Maj-AL,Detroit,4,11,11,2,4,2,0,2,5,0,0,2,0,0,0,0,0,0,0.364,0.364,1.091,1.455,669398
505,Austin Wynns,35,9,Maj-AL,Athletics,14,43,39,3,3,0,0,0,0,3,0,10,0,1,0,0,0,0,0.077,0.143,0.077,0.22,642851
506,Mike Yastrzemski,35,0,Maj-NL,Atlanta,41,131,120,17,26,5,1,1,10,9,0,32,2,0,0,1,1,0,0.217,0.282,0.3,0.582,573262
507,Christian Yelich,34,2,Maj-NL,Milwaukee,16,60,55,10,16,2,1,1,10,5,2,16,0,0,0,0,3,0,0.291,0.35,0.418,0.768,592885
508,Nick Yorke,24,4,Maj-NL,Pittsburgh,26,83,73,6,15,3,0,1,6,7,0,16,2,0,1,3,0,0,0.205,0.289,0.288,0.577,694377
509,Masataka Yoshida,32,0,Maj-AL,Boston,28,87,73,8,20,4,0,0,5,12,0,8,2,0,0,0,1,0,0.274,0.391,0.329,0.72,807799
510,Cole Young,22,0,Maj-AL,Seattle,45,177,157,20,39,7,1,3,24,15,0,41,4,0,1,1,2,2,0.248,0.328,0.363,0.691,702284
511,Jacob Young,26,0,Maj-NL,Washington,42,158,147,19,32,5,0,3,17,8,0,27,2,1,0,1,2,1,0.218,0.268,0.313,0.58,696285
512,Jared Young,30,32,Maj-NL,New York,11,23,20,2,7,2,0,0,2,2,0,3,0,0,1,0,0,0,0.35,0.391,0.45,0.841,676724
